simulation_id;hydrology;cv_scenario;base_inp;connection_variant;connection_name;connection_target;connection_probability;combined_probability;case_directory;connection_length_m;connection_diameter_m;connection_roughness;junction_elevation_m;max_stable_depth_m;max_stable_hydraulic_head_m
cv2_head_00001;T10;CV_scenario_2;D:\Users\ISSKA\Documents\GitHub\Twanntunnel_Hydraulic_SWMM\SWMM_Twannbach.inp;1_1C_0;NO_CONNECTION;;0.92;0.92;D:\Users\ISSKA\Documents\GitHub\Twanntunnel_Hydraulic_SWMM\MASS_COMPUTATION\runs\CV_scenario_2\T10\1_1C_0_NO_CONNECTION;0;0;0;454;0;454
cv2_head_00002;T10;CV_scenario_2;D:\Users\ISSKA\Documents\GitHub\Twanntunnel_Hydraulic_SWMM\SWMM_Twannbach.inp;1_1C_1;CV_1C_to_52;52;0.05;0.05;D:\Users\ISSKA\Documents\GitHub\Twanntunnel_Hydraulic_SWMM\MASS_COMPUTATION\runs\CV_scenario_2\T10\1_1C_1_CV_1C_to_52;105.646;0.5;0.05;454;27.8928;481.893
cv2_head_00003;T10;CV_scenario_2;D:\Users\ISSKA\Documents\GitHub\Twanntunnel_Hydraulic_SWMM\SWMM_Twannbach.inp;1_1C_2;CV_1C_to_38;38;0.02;0.02;D:\Users\ISSKA\Documents\GitHub\Twanntunnel_Hydraulic_SWMM\MASS_COMPUTATION\runs\CV_scenario_2\T10\1_1C_2_CV_1C_to_38;82.5651;0.5;0.05;454;0;454
cv2_head_00004;T10;CV_scenario_2;D:\Users\ISSKA\Documents\GitHub\Twanntunnel_Hydraulic_SWMM\SWMM_Twannbach.inp;1_1C_3;CV_1C_to_54;54;0.01;0.01;D:\Users\ISSKA\Documents\GitHub\Twanntunnel_Hydraulic_SWMM\MASS_COMPUTATION\runs\CV_scenario_2\T10\1_1C_3_CV_1C_to_54;251.829;0.5;0.05;454;10.9783;464.978
cv2_head_00001;T3;CV_scenario_2;D:\Users\ISSKA\Documents\GitHub\Twanntunnel_Hydraulic_SWMM\SWMM_Twannbach.inp;1_1C_0;NO_CONNECTION;;0.92;0.92;D:\Users\ISSKA\Documents\GitHub\Twanntunnel_Hydraulic_SWMM\MASS_COMPUTATION\runs\CV_scenario_2\T3\1_1C_0_NO_CONNECTION;0;0;0;454;0;454
cv2_head_00002;T3;CV_scenario_2;D:\Users\ISSKA\Documents\GitHub\Twanntunnel_Hydraulic_SWMM\SWMM_Twannbach.inp;1_1C_1;CV_1C_to_52;52;0.05;0.05;D:\Users\ISSKA\Documents\GitHub\Twanntunnel_Hydraulic_SWMM\MASS_COMPUTATION\runs\CV_scenario_2\T3\1_1C_1_CV_1C_to_52;105.646;0.5;0.05;454;19.0086;473.009
cv2_head_00003;T3;CV_scenario_2;D:\Users\ISSKA\Documents\GitHub\Twanntunnel_Hydraulic_SWMM\SWMM_Twannbach.inp;1_1C_2;CV_1C_to_38;38;0.02;0.02;D:\Users\ISSKA\Documents\GitHub\Twanntunnel_Hydraulic_SWMM\MASS_COMPUTATION\runs\CV_scenario_2\T3\1_1C_2_CV_1C_to_38;82.5651;0.5;0.05;454;0;454
cv2_head_00004;T3;CV_scenario_2;D:\Users\ISSKA\Documents\GitHub\Twanntunnel_Hydraulic_SWMM\SWMM_Twannbach.inp;1_1C_3;CV_1C_to_54;54;0.01;0.01;D:\Users\ISSKA\Documents\GitHub\Twanntunnel_Hydraulic_SWMM\MASS_COMPUTATION\runs\CV_scenario_2\T3\1_1C_3_CV_1C_to_54;251.829;0.5;0.05;454;10.8554;464.855
cv2_head_00001;T30;CV_scenario_2;D:\Users\ISSKA\Documents\GitHub\Twanntunnel_Hydraulic_SWMM\SWMM_Twannbach.inp;1_1C_0;NO_CONNECTION;;0.92;0.92;D:\Users\ISSKA\Documents\GitHub\Twanntunnel_Hydraulic_SWMM\MASS_COMPUTATION\runs\CV_scenario_2\T30\1_1C_0_NO_CONNECTION;0;0;0;454;0;454
cv2_head_00002;T30;CV_scenario_2;D:\Users\ISSKA\Documents\GitHub\Twanntunnel_Hydraulic_SWMM\SWMM_Twannbach.inp;1_1C_1;CV_1C_to_52;52;0.05;0.05;D:\Users\ISSKA\Documents\GitHub\Twanntunnel_Hydraulic_SWMM\MASS_COMPUTATION\runs\CV_scenario_2\T30\1_1C_1_CV_1C_to_52;105.646;0.5;0.05;454;36.9913;490.991
cv2_head_00003;T30;CV_scenario_2;D:\Users\ISSKA\Documents\GitHub\Twanntunnel_Hydraulic_SWMM\SWMM_Twannbach.inp;1_1C_2;CV_1C_to_38;38;0.02;0.02;D:\Users\ISSKA\Documents\GitHub\Twanntunnel_Hydraulic_SWMM\MASS_COMPUTATION\runs\CV_scenario_2\T30\1_1C_2_CV_1C_to_38;82.5651;0.5;0.05;454;0;454
cv2_head_00004;T30;CV_scenario_2;D:\Users\ISSKA\Documents\GitHub\Twanntunnel_Hydraulic_SWMM\SWMM_Twannbach.inp;1_1C_3;CV_1C_to_54;54;0.01;0.01;D:\Users\ISSKA\Documents\GitHub\Twanntunnel_Hydraulic_SWMM\MASS_COMPUTATION\runs\CV_scenario_2\T30\1_1C_3_CV_1C_to_54;251.829;0.5;0.05;454;11.0667;465.067
cv2_head_00001;T50;CV_scenario_2;D:\Users\ISSKA\Documents\GitHub\Twanntunnel_Hydraulic_SWMM\SWMM_Twannbach.inp;1_1C_0;NO_CONNECTION;;0.92;0.92;D:\Users\ISSKA\Documents\GitHub\Twanntunnel_Hydraulic_SWMM\MASS_COMPUTATION\runs\CV_scenario_2\T50\1_1C_0_NO_CONNECTION;0;0;0;454;0;454
cv2_head_00002;T50;CV_scenario_2;D:\Users\ISSKA\Documents\GitHub\Twanntunnel_Hydraulic_SWMM\SWMM_Twannbach.inp;1_1C_1;CV_1C_to_52;52;0.05;0.05;D:\Users\ISSKA\Documents\GitHub\Twanntunnel_Hydraulic_SWMM\MASS_COMPUTATION\runs\CV_scenario_2\T50\1_1C_1_CV_1C_to_52;105.646;0.5;0.05;454;41.5504;495.55
cv2_head_00003;T50;CV_scenario_2;D:\Users\ISSKA\Documents\GitHub\Twanntunnel_Hydraulic_SWMM\SWMM_Twannbach.inp;1_1C_2;CV_1C_to_38;38;0.02;0.02;D:\Users\ISSKA\Documents\GitHub\Twanntunnel_Hydraulic_SWMM\MASS_COMPUTATION\runs\CV_scenario_2\T50\1_1C_2_CV_1C_to_38;82.5651;0.5;0.05;454;0.000288868;454
cv2_head_00004;T50;CV_scenario_2;D:\Users\ISSKA\Documents\GitHub\Twanntunnel_Hydraulic_SWMM\SWMM_Twannbach.inp;1_1C_3;CV_1C_to_54;54;0.01;0.01;D:\Users\ISSKA\Documents\GitHub\Twanntunnel_Hydraulic_SWMM\MASS_COMPUTATION\runs\CV_scenario_2\T50\1_1C_3_CV_1C_to_54;251.829;0.5;0.05;454;11.1193;465.119
